1,test 2,https://www.example.co.uk/articles/test2/,2020-12-02T13:08:21.228687
1,test 4,https://www.example.co.uk/articles/test4/,2020-12-02T13:08:21.228715
1,test 10,https://www.example.co.uk/articles/test10/,2020-12-02T13:08:21.228721
1,test 16,https://www.example.co.uk/articles/test16/,2020-12-02T13:08:21.228725
1,test 20,https://www.example.co.uk/articles/test20/,2020-12-02T13:08:21.228729
1,test 23,https://www.example.co.uk/articles/test23/,2020-12-02T13:08:21.228733
1,test 4,https://www.example.co.uk/articles/test4/,2020-12-02T13:08:21.228737
1,test 14,https://www.example.co.uk/articles/test14/,2020-12-02T13:08:21.228741
1,test 26,https://www.example.co.uk/articles/test26/,2020-12-02T13:08:21.228745
1,test 8,https://www.example.co.uk/articles/test8/,2020-12-02T13:08:21.228749
1,test 34,https://www.example.co.uk/articles/test34/,2020-12-02T13:08:21.228753
1,test 22,https://www.example.co.uk/articles/test22/,2020-12-02T13:08:21.228757
1,test 13,https://www.example.co.uk/articles/test13/,2020-12-02T13:08:21.228761
1,/register,https://www.example.co.uk/register,2020-12-02T13:08:21.228761
2,test 36,https://www.example.co.uk/articles/test36/,2020-12-02T13:08:21.228789
2,test 1,https://www.example.co.uk/articles/test1/,2020-12-02T13:08:21.228794
2,test 15,https://www.example.co.uk/articles/test15/,2020-12-02T13:08:21.228798
2,test 17,https://www.example.co.uk/articles/test17/,2020-12-02T13:08:21.228801
2,test 33,https://www.example.co.uk/articles/test33/,2020-12-02T13:08:21.228805
2,test 31,https://www.example.co.uk/articles/test31/,2020-12-02T13:08:21.228809
2,test 33,https://www.example.co.uk/articles/test33/,2020-12-02T13:08:21.228813
2,test 13,https://www.example.co.uk/articles/test13/,2020-12-02T13:08:21.228817
2,test 18,https://www.example.co.uk/articles/test18/,2020-12-02T13:08:21.228820
3,test 7,https://www.example.co.uk/articles/test7/,2020-12-02T13:08:21.228831
3,test 22,https://www.example.co.uk/articles/test22/,2020-12-02T13:08:21.228835
3,test 2,https://www.example.co.uk/articles/test2/,2020-12-02T13:08:21.228839
3,test 34,https://www.example.co.uk/articles/test34/,2020-12-02T13:08:21.228843
3,test 21,https://www.example.co.uk/articles/test21/,2020-12-02T13:08:21.228846
3,test 16,https://www.example.co.uk/articles/test16/,2020-12-02T13:08:21.228850
3,/register,https://www.example.co.uk/register,2020-12-02T13:08:21.228850
4,test 19,https://www.example.co.uk/articles/test19/,2020-12-02T13:08:21.228861
4,test 24,https://www.example.co.uk/articles/test24/,2020-12-02T13:08:21.228865
4,test 21,https://www.example.co.uk/articles/test21/,2020-12-02T13:08:21.228869
5,test 33,https://www.example.co.uk/articles/test33/,2020-12-02T13:08:21.228877
5,test 14,https://www.example.co.uk/articles/test14/,2020-12-02T13:08:21.228881
5,test 23,https://www.example.co.uk/articles/test23/,2020-12-02T13:08:21.228885
5,test 29,https://www.example.co.uk/articles/test29/,2020-12-02T13:08:21.228891
5,test 1,https://www.example.co.uk/articles/test1/,2020-12-02T13:08:21.228895
5,test 19,https://www.example.co.uk/articles/test19/,2020-12-02T13:08:21.228899
5,test 27,https://www.example.co.uk/articles/test27/,2020-12-02T13:08:21.228903
6,test 34,https://www.example.co.uk/articles/test34/,2020-12-02T13:08:21.228911
6,test 2,https://www.example.co.uk/articles/test2/,2020-12-02T13:08:21.228915
6,test 38,https://www.example.co.uk/articles/test38/,2020-12-02T13:08:21.228919
6,test 23,https://www.example.co.uk/articles/test23/,2020-12-02T13:08:21.228923
6,test 24,https://www.example.co.uk/articles/test24/,2020-12-02T13:08:21.228926
6,test 5,https://www.example.co.uk/articles/test5/,2020-12-02T13:08:21.228930
6,test 38,https://www.example.co.uk/articles/test38/,2020-12-02T13:08:21.228934
6,test 17,https://www.example.co.uk/articles/test17/,2020-12-02T13:08:21.228938
6,test 7,https://www.example.co.uk/articles/test7/,2020-12-02T13:08:21.228942
6,test 16,https://www.example.co.uk/articles/test16/,2020-12-02T13:08:21.228947
6,test 13,https://www.example.co.uk/articles/test13/,2020-12-02T13:08:21.228951
6,/register,https://www.example.co.uk/register,2020-12-02T13:08:21.228951
7,test 20,https://www.example.co.uk/articles/test20/,2020-12-02T13:08:21.228962
7,test 10,https://www.example.co.uk/articles/test10/,2020-12-02T13:08:21.228966
7,test 10,https://www.example.co.uk/articles/test10/,2020-12-02T13:08:21.228970
7,test 26,https://www.example.co.uk/articles/test26/,2020-12-02T13:08:21.228974
7,test 2,https://www.example.co.uk/articles/test2/,2020-12-02T13:08:21.228978
7,test 39,https://www.example.co.uk/articles/test39/,2020-12-02T13:08:21.228982
7,test 1,https://www.example.co.uk/articles/test1/,2020-12-02T13:08:21.228986
7,test 31,https://www.example.co.uk/articles/test31/,2020-12-02T13:08:21.228989
7,test 28,https://www.example.co.uk/articles/test28/,2020-12-02T13:08:21.228993
7,test 20,https://www.example.co.uk/articles/test20/,2020-12-02T13:08:21.228997
7,test 30,https://www.example.co.uk/articles/test30/,2020-12-02T13:08:21.229001
7,test 23,https://www.example.co.uk/articles/test23/,2020-12-02T13:08:21.229005
7,test 40,https://www.example.co.uk/articles/test40/,2020-12-02T13:08:21.229009
7,test 35,https://www.example.co.uk/articles/test35/,2020-12-02T13:08:21.229013
7,test 29,https://www.example.co.uk/articles/test29/,2020-12-02T13:08:21.229016
7,test 4,https://www.example.co.uk/articles/test4/,2020-12-02T13:08:21.229020
7,test 23,https://www.example.co.uk/articles/test23/,2020-12-02T13:08:21.229024
7,test 27,https://www.example.co.uk/articles/test27/,2020-12-02T13:08:21.229028
7,/register,https://www.example.co.uk/register,2020-12-02T13:08:21.229028
8,test 26,https://www.example.co.uk/articles/test26/,2020-12-02T13:08:21.229038
8,test 2,https://www.example.co.uk/articles/test2/,2020-12-02T13:08:21.229043
8,test 9,https://www.example.co.uk/articles/test9/,2020-12-02T13:08:21.229046
8,test 18,https://www.example.co.uk/articles/test18/,2020-12-02T13:08:21.229050
8,test 30,https://www.example.co.uk/articles/test30/,2020-12-02T13:08:21.229056
8,test 37,https://www.example.co.uk/articles/test37/,2020-12-02T13:08:21.229060
8,test 1,https://www.example.co.uk/articles/test1/,2020-12-02T13:08:21.229064
8,test 20,https://www.example.co.uk/articles/test20/,2020-12-02T13:08:21.229068
8,test 38,https://www.example.co.uk/articles/test38/,2020-12-02T13:08:21.229072
8,test 3,https://www.example.co.uk/articles/test3/,2020-12-02T13:08:21.229075
8,test 32,https://www.example.co.uk/articles/test32/,2020-12-02T13:08:21.229079
8,test 36,https://www.example.co.uk/articles/test36/,2020-12-02T13:08:21.229083
9,test 16,https://www.example.co.uk/articles/test16/,2020-12-02T13:08:21.229092
9,test 24,https://www.example.co.uk/articles/test24/,2020-12-02T13:08:21.229096
9,test 22,https://www.example.co.uk/articles/test22/,2020-12-02T13:08:21.229100
9,test 37,https://www.example.co.uk/articles/test37/,2020-12-02T13:08:21.229103
9,test 15,https://www.example.co.uk/articles/test15/,2020-12-02T13:08:21.229107
9,test 10,https://www.example.co.uk/articles/test10/,2020-12-02T13:08:21.229111
9,test 37,https://www.example.co.uk/articles/test37/,2020-12-02T13:08:21.229115
9,test 2,https://www.example.co.uk/articles/test2/,2020-12-02T13:08:21.229119
9,test 6,https://www.example.co.uk/articles/test6/,2020-12-02T13:08:21.229123
9,test 36,https://www.example.co.uk/articles/test36/,2020-12-02T13:08:21.229127
9,test 21,https://www.example.co.uk/articles/test21/,2020-12-02T13:08:21.229131
10,test 30,https://www.example.co.uk/articles/test30/,2020-12-02T13:08:21.229139
10,test 9,https://www.example.co.uk/articles/test9/,2020-12-02T13:08:21.229143
10,test 11,https://www.example.co.uk/articles/test11/,2020-12-02T13:08:21.229147
10,test 35,https://www.example.co.uk/articles/test35/,2020-12-02T13:08:21.229151
10,test 16,https://www.example.co.uk/articles/test16/,2020-12-02T13:08:21.229155
10,test 6,https://www.example.co.uk/articles/test6/,2020-12-02T13:08:21.229158
10,test 25,https://www.example.co.uk/articles/test25/,2020-12-02T13:08:21.229162
10,test 32,https://www.example.co.uk/articles/test32/,2020-12-02T13:08:21.229166
10,test 3,https://www.example.co.uk/articles/test3/,2020-12-02T13:08:21.229194
10,test 7,https://www.example.co.uk/articles/test7/,2020-12-02T13:08:21.229199
11,test 15,https://www.example.co.uk/articles/test15/,2020-12-02T13:08:21.229210
11,test 7,https://www.example.co.uk/articles/test7/,2020-12-02T13:08:21.229214
11,test 39,https://www.example.co.uk/articles/test39/,2020-12-02T13:08:21.229218
11,/register,https://www.example.co.uk/register,2020-12-02T13:08:21.229218
12,test 37,https://www.example.co.uk/articles/test37/,2020-12-02T13:08:21.229228
12,test 31,https://www.example.co.uk/articles/test31/,2020-12-02T13:08:21.229233
12,test 4,https://www.example.co.uk/articles/test4/,2020-12-02T13:08:21.229237
13,test 9,https://www.example.co.uk/articles/test9/,2020-12-02T13:08:21.229244
13,test 18,https://www.example.co.uk/articles/test18/,2020-12-02T13:08:21.229248
14,test 25,https://www.example.co.uk/articles/test25/,2020-12-02T13:08:21.229256
14,test 37,https://www.example.co.uk/articles/test37/,2020-12-02T13:08:21.229260
14,test 18,https://www.example.co.uk/articles/test18/,2020-12-02T13:08:21.229264
14,test 39,https://www.example.co.uk/articles/test39/,2020-12-02T13:08:21.229268
14,test 17,https://www.example.co.uk/articles/test17/,2020-12-02T13:08:21.229272
15,test 18,https://www.example.co.uk/articles/test18/,2020-12-02T13:08:21.229280
15,test 2,https://www.example.co.uk/articles/test2/,2020-12-02T13:08:21.229284
15,test 8,https://www.example.co.uk/articles/test8/,2020-12-02T13:08:21.229288
15,test 13,https://www.example.co.uk/articles/test13/,2020-12-02T13:08:21.229292
15,test 27,https://www.example.co.uk/articles/test27/,2020-12-02T13:08:21.229296
15,test 35,https://www.example.co.uk/articles/test35/,2020-12-02T13:08:21.229299
15,test 35,https://www.example.co.uk/articles/test35/,2020-12-02T13:08:21.229303
15,test 16,https://www.example.co.uk/articles/test16/,2020-12-02T13:08:21.229307
15,test 18,https://www.example.co.uk/articles/test18/,2020-12-02T13:08:21.229311
15,test 1,https://www.example.co.uk/articles/test1/,2020-12-02T13:08:21.229315
15,test 27,https://www.example.co.uk/articles/test27/,2020-12-02T13:08:21.229319
15,test 31,https://www.example.co.uk/articles/test31/,2020-12-02T13:08:21.229323
15,test 3,https://www.example.co.uk/articles/test3/,2020-12-02T13:08:21.229326
15,test 16,https://www.example.co.uk/articles/test16/,2020-12-02T13:08:21.229330
16,/register,https://www.example.co.uk/register,2020-12-02T13:08:21.229330
17,test 14,https://www.example.co.uk/articles/test14/,2020-12-02T13:08:21.229345
17,test 7,https://www.example.co.uk/articles/test7/,2020-12-02T13:08:21.229349
17,test 9,https://www.example.co.uk/articles/test9/,2020-12-02T13:08:21.229353
17,test 13,https://www.example.co.uk/articles/test13/,2020-12-02T13:08:21.229356
18,test 14,https://www.example.co.uk/articles/test14/,2020-12-02T13:08:21.229364
18,test 30,https://www.example.co.uk/articles/test30/,2020-12-02T13:08:21.229368
18,test 5,https://www.example.co.uk/articles/test5/,2020-12-02T13:08:21.229372
18,test 20,https://www.example.co.uk/articles/test20/,2020-12-02T13:08:21.229376
18,test 27,https://www.example.co.uk/articles/test27/,2020-12-02T13:08:21.229380
18,test 1,https://www.example.co.uk/articles/test1/,2020-12-02T13:08:21.229384
18,test 24,https://www.example.co.uk/articles/test24/,2020-12-02T13:08:21.229388
18,test 3,https://www.example.co.uk/articles/test3/,2020-12-02T13:08:21.229392
18,/register,https://www.example.co.uk/register,2020-12-02T13:08:21.229392
19,test 26,https://www.example.co.uk/articles/test26/,2020-12-02T13:08:21.229402
19,test 13,https://www.example.co.uk/articles/test13/,2020-12-02T13:08:21.229406
19,test 3,https://www.example.co.uk/articles/test3/,2020-12-02T13:08:21.229410
19,test 4,https://www.example.co.uk/articles/test4/,2020-12-02T13:08:21.229414
19,test 17,https://www.example.co.uk/articles/test17/,2020-12-02T13:08:21.229418
19,test 30,https://www.example.co.uk/articles/test30/,2020-12-02T13:08:21.229421
19,test 14,https://www.example.co.uk/articles/test14/,2020-12-02T13:08:21.229425
19,test 33,https://www.example.co.uk/articles/test33/,2020-12-02T13:08:21.229429
19,test 19,https://www.example.co.uk/articles/test19/,2020-12-02T13:08:21.229433
19,test 21,https://www.example.co.uk/articles/test21/,2020-12-02T13:08:21.229437
19,test 7,https://www.example.co.uk/articles/test7/,2020-12-02T13:08:21.229441
19,test 36,https://www.example.co.uk/articles/test36/,2020-12-02T13:08:21.229445
19,test 9,https://www.example.co.uk/articles/test9/,2020-12-02T13:08:21.229448
19,test 31,https://www.example.co.uk/articles/test31/,2020-12-02T13:08:21.229452
19,/register,https://www.example.co.uk/register,2020-12-02T13:08:21.229452
20,test 29,https://www.example.co.uk/articles/test29/,2020-12-02T13:08:21.229463
20,test 28,https://www.example.co.uk/articles/test28/,2020-12-02T13:08:21.229467
20,test 33,https://www.example.co.uk/articles/test33/,2020-12-02T13:08:21.229471
20,test 31,https://www.example.co.uk/articles/test31/,2020-12-02T13:08:21.229475
20,test 17,https://www.example.co.uk/articles/test17/,2020-12-02T13:08:21.229478
20,test 28,https://www.example.co.uk/articles/test28/,2020-12-02T13:08:21.229482
20,test 21,https://www.example.co.uk/articles/test21/,2020-12-02T13:08:21.229486
20,test 7,https://www.example.co.uk/articles/test7/,2020-12-02T13:08:21.229490
20,test 5,https://www.example.co.uk/articles/test5/,2020-12-02T13:08:21.229494
20,test 30,https://www.example.co.uk/articles/test30/,2020-12-02T13:08:21.229498
20,test 31,https://www.example.co.uk/articles/test31/,2020-12-02T13:08:21.229501
20,test 16,https://www.example.co.uk/articles/test16/,2020-12-02T13:08:21.229505
20,test 40,https://www.example.co.uk/articles/test40/,2020-12-02T13:08:21.229509
20,test 34,https://www.example.co.uk/articles/test34/,2020-12-02T13:08:21.229513
20,test 36,https://www.example.co.uk/articles/test36/,2020-12-02T13:08:21.229517
20,test 19,https://www.example.co.uk/articles/test19/,2020-12-02T13:08:21.229521
20,test 39,https://www.example.co.uk/articles/test39/,2020-12-02T13:08:21.229524
20,test 28,https://www.example.co.uk/articles/test28/,2020-12-02T13:08:21.229529
20,/register,https://www.example.co.uk/register,2020-12-02T13:08:21.229529
21,test 37,https://www.example.co.uk/articles/test37/,2020-12-02T13:08:21.229539
21,test 37,https://www.example.co.uk/articles/test37/,2020-12-02T13:08:21.229543
21,test 28,https://www.example.co.uk/articles/test28/,2020-12-02T13:08:21.229547
21,test 29,https://www.example.co.uk/articles/test29/,2020-12-02T13:08:21.229551
22,test 31,https://www.example.co.uk/articles/test31/,2020-12-02T13:08:21.229559
22,test 37,https://www.example.co.uk/articles/test37/,2020-12-02T13:08:21.229563
22,test 36,https://www.example.co.uk/articles/test36/,2020-12-02T13:08:21.229567
22,test 12,https://www.example.co.uk/articles/test12/,2020-12-02T13:08:21.229570
22,test 6,https://www.example.co.uk/articles/test6/,2020-12-02T13:08:21.229574
22,test 5,https://www.example.co.uk/articles/test5/,2020-12-02T13:08:21.229578
22,test 32,https://www.example.co.uk/articles/test32/,2020-12-02T13:08:21.229582
22,test 28,https://www.example.co.uk/articles/test28/,2020-12-02T13:08:21.229586
22,test 11,https://www.example.co.uk/articles/test11/,2020-12-02T13:08:21.229590
22,test 30,https://www.example.co.uk/articles/test30/,2020-12-02T13:08:21.229594
22,test 39,https://www.example.co.uk/articles/test39/,2020-12-02T13:08:21.229598
22,test 39,https://www.example.co.uk/articles/test39/,2020-12-02T13:08:21.229602
22,test 17,https://www.example.co.uk/articles/test17/,2020-12-02T13:08:21.229605
22,test 27,https://www.example.co.uk/articles/test27/,2020-12-02T13:08:21.229609
23,test 31,https://www.example.co.uk/articles/test31/,2020-12-02T13:08:21.229617
23,test 8,https://www.example.co.uk/articles/test8/,2020-12-02T13:08:21.229622
23,test 12,https://www.example.co.uk/articles/test12/,2020-12-02T13:08:21.229625
23,test 31,https://www.example.co.uk/articles/test31/,2020-12-02T13:08:21.229629
23,test 1,https://www.example.co.uk/articles/test1/,2020-12-02T13:08:21.229633
23,test 13,https://www.example.co.uk/articles/test13/,2020-12-02T13:08:21.229649
23,test 13,https://www.example.co.uk/articles/test13/,2020-12-02T13:08:21.229653
23,test 22,https://www.example.co.uk/articles/test22/,2020-12-02T13:08:21.229657
23,test 14,https://www.example.co.uk/articles/test14/,2020-12-02T13:08:21.229661
23,test 26,https://www.example.co.uk/articles/test26/,2020-12-02T13:08:21.229665
24,test 29,https://www.example.co.uk/articles/test29/,2020-12-02T13:08:21.229674
24,/register,https://www.example.co.uk/register,2020-12-02T13:08:21.229674
25,test 23,https://www.example.co.uk/articles/test23/,2020-12-02T13:08:21.229684
25,test 19,https://www.example.co.uk/articles/test19/,2020-12-02T13:08:21.229688
25,test 10,https://www.example.co.uk/articles/test10/,2020-12-02T13:08:21.229692
25,test 34,https://www.example.co.uk/articles/test34/,2020-12-02T13:08:21.229696
25,test 11,https://www.example.co.uk/articles/test11/,2020-12-02T13:08:21.229700
25,test 33,https://www.example.co.uk/articles/test33/,2020-12-02T13:08:21.229704
25,test 7,https://www.example.co.uk/articles/test7/,2020-12-02T13:08:21.229708
25,test 13,https://www.example.co.uk/articles/test13/,2020-12-02T13:08:21.229712
25,test 40,https://www.example.co.uk/articles/test40/,2020-12-02T13:08:21.229716
25,test 34,https://www.example.co.uk/articles/test34/,2020-12-02T13:08:21.229720
25,test 8,https://www.example.co.uk/articles/test8/,2020-12-02T13:08:21.229723
25,/register,https://www.example.co.uk/register,2020-12-02T13:08:21.229723
26,test 8,https://www.example.co.uk/articles/test8/,2020-12-02T13:08:21.229734
26,test 19,https://www.example.co.uk/articles/test19/,2020-12-02T13:08:21.229738
26,test 19,https://www.example.co.uk/articles/test19/,2020-12-02T13:08:21.229742
26,/register,https://www.example.co.uk/register,2020-12-02T13:08:21.229742
27,test 28,https://www.example.co.uk/articles/test28/,2020-12-02T13:08:21.229752
27,test 40,https://www.example.co.uk/articles/test40/,2020-12-02T13:08:21.229756
27,test 34,https://www.example.co.uk/articles/test34/,2020-12-02T13:08:21.229760
27,/register,https://www.example.co.uk/register,2020-12-02T13:08:21.229760
28,test 35,https://www.example.co.uk/articles/test35/,2020-12-02T13:08:21.229770
28,test 27,https://www.example.co.uk/articles/test27/,2020-12-02T13:08:21.229774
28,test 15,https://www.example.co.uk/articles/test15/,2020-12-02T13:08:21.229778
28,test 26,https://www.example.co.uk/articles/test26/,2020-12-02T13:08:21.229782
28,test 10,https://www.example.co.uk/articles/test10/,2020-12-02T13:08:21.229786
28,test 8,https://www.example.co.uk/articles/test8/,2020-12-02T13:08:21.229790
28,test 33,https://www.example.co.uk/articles/test33/,2020-12-02T13:08:21.229793
28,test 16,https://www.example.co.uk/articles/test16/,2020-12-02T13:08:21.229797
28,/register,https://www.example.co.uk/register,2020-12-02T13:08:21.229797
29,test 14,https://www.example.co.uk/articles/test14/,2020-12-02T13:08:21.229808
29,test 11,https://www.example.co.uk/articles/test11/,2020-12-02T13:08:21.229812
29,test 21,https://www.example.co.uk/articles/test21/,2020-12-02T13:08:21.229816
29,test 9,https://www.example.co.uk/articles/test9/,2020-12-02T13:08:21.229820
29,test 13,https://www.example.co.uk/articles/test13/,2020-12-02T13:08:21.229823
29,test 39,https://www.example.co.uk/articles/test39/,2020-12-02T13:08:21.229827
29,test 14,https://www.example.co.uk/articles/test14/,2020-12-02T13:08:21.229831
30,test 10,https://www.example.co.uk/articles/test10/,2020-12-02T13:08:21.229839
30,test 40,https://www.example.co.uk/articles/test40/,2020-12-02T13:08:21.229843
30,test 6,https://www.example.co.uk/articles/test6/,2020-12-02T13:08:21.229847
30,test 37,https://www.example.co.uk/articles/test37/,2020-12-02T13:08:21.229851
30,test 2,https://www.example.co.uk/articles/test2/,2020-12-02T13:08:21.229855
30,test 39,https://www.example.co.uk/articles/test39/,2020-12-02T13:08:21.229858
30,test 19,https://www.example.co.uk/articles/test19/,2020-12-02T13:08:21.229862
30,test 20,https://www.example.co.uk/articles/test20/,2020-12-02T13:08:21.229866
30,test 24,https://www.example.co.uk/articles/test24/,2020-12-02T13:08:21.229870
30,test 6,https://www.example.co.uk/articles/test6/,2020-12-02T13:08:21.229874
30,test 13,https://www.example.co.uk/articles/test13/,2020-12-02T13:08:21.229878
30,test 34,https://www.example.co.uk/articles/test34/,2020-12-02T13:08:21.229882
30,test 39,https://www.example.co.uk/articles/test39/,2020-12-02T13:08:21.229886
30,test 15,https://www.example.co.uk/articles/test15/,2020-12-02T13:08:21.229890
30,/register,https://www.example.co.uk/register,2020-12-02T13:08:21.229890
31,test 36,https://www.example.co.uk/articles/test36/,2020-12-02T13:08:21.229900
31,test 35,https://www.example.co.uk/articles/test35/,2020-12-02T13:08:21.229904
31,test 16,https://www.example.co.uk/articles/test16/,2020-12-02T13:08:21.229908
31,test 29,https://www.example.co.uk/articles/test29/,2020-12-02T13:08:21.229912
31,test 26,https://www.example.co.uk/articles/test26/,2020-12-02T13:08:21.229916
31,test 3,https://www.example.co.uk/articles/test3/,2020-12-02T13:08:21.229920
31,test 1,https://www.example.co.uk/articles/test1/,2020-12-02T13:08:21.229923
31,test 3,https://www.example.co.uk/articles/test3/,2020-12-02T13:08:21.229927
31,/register,https://www.example.co.uk/register,2020-12-02T13:08:21.229927
32,test 27,https://www.example.co.uk/articles/test27/,2020-12-02T13:08:21.229938
32,test 18,https://www.example.co.uk/articles/test18/,2020-12-02T13:08:21.229942
32,/register,https://www.example.co.uk/register,2020-12-02T13:08:21.229942
33,test 33,https://www.example.co.uk/articles/test33/,2020-12-02T13:08:21.229952
33,test 16,https://www.example.co.uk/articles/test16/,2020-12-02T13:08:21.229956
33,test 38,https://www.example.co.uk/articles/test38/,2020-12-02T13:08:21.229960
33,test 26,https://www.example.co.uk/articles/test26/,2020-12-02T13:08:21.229964
33,test 11,https://www.example.co.uk/articles/test11/,2020-12-02T13:08:21.229968
33,test 9,https://www.example.co.uk/articles/test9/,2020-12-02T13:08:21.229972
34,test 23,https://www.example.co.uk/articles/test23/,2020-12-02T13:08:21.229980
34,test 28,https://www.example.co.uk/articles/test28/,2020-12-02T13:08:21.229985
34,test 21,https://www.example.co.uk/articles/test21/,2020-12-02T13:08:21.229989
34,test 6,https://www.example.co.uk/articles/test6/,2020-12-02T13:08:21.229992
34,test 11,https://www.example.co.uk/articles/test11/,2020-12-02T13:08:21.229996
34,test 15,https://www.example.co.uk/articles/test15/,2020-12-02T13:08:21.230000
35,test 21,https://www.example.co.uk/articles/test21/,2020-12-02T13:08:21.230008
35,test 14,https://www.example.co.uk/articles/test14/,2020-12-02T13:08:21.230012
35,test 22,https://www.example.co.uk/articles/test22/,2020-12-02T13:08:21.230016
35,test 18,https://www.example.co.uk/articles/test18/,2020-12-02T13:08:21.230020
35,test 10,https://www.example.co.uk/articles/test10/,2020-12-02T13:08:21.230024
35,test 37,https://www.example.co.uk/articles/test37/,2020-12-02T13:08:21.230027
35,test 1,https://www.example.co.uk/articles/test1/,2020-12-02T13:08:21.230031
35,test 38,https://www.example.co.uk/articles/test38/,2020-12-02T13:08:21.230035
35,test 34,https://www.example.co.uk/articles/test34/,2020-12-02T13:08:21.230039
35,test 39,https://www.example.co.uk/articles/test39/,2020-12-02T13:08:21.230043
35,test 31,https://www.example.co.uk/articles/test31/,2020-12-02T13:08:21.230047
35,test 11,https://www.example.co.uk/articles/test11/,2020-12-02T13:08:21.230051
35,test 34,https://www.example.co.uk/articles/test34/,2020-12-02T13:08:21.230054
35,test 38,https://www.example.co.uk/articles/test38/,2020-12-02T13:08:21.230058
35,test 23,https://www.example.co.uk/articles/test23/,2020-12-02T13:08:21.230062
35,test 9,https://www.example.co.uk/articles/test9/,2020-12-02T13:08:21.230066
35,test 31,https://www.example.co.uk/articles/test31/,2020-12-02T13:08:21.230070
35,test 24,https://www.example.co.uk/articles/test24/,2020-12-02T13:08:21.230074
36,test 35,https://www.example.co.uk/articles/test35/,2020-12-02T13:08:21.230082
36,test 16,https://www.example.co.uk/articles/test16/,2020-12-02T13:08:21.230095
36,test 20,https://www.example.co.uk/articles/test20/,2020-12-02T13:08:21.230099
36,test 11,https://www.example.co.uk/articles/test11/,2020-12-02T13:08:21.230103
36,test 30,https://www.example.co.uk/articles/test30/,2020-12-02T13:08:21.230107
36,test 8,https://www.example.co.uk/articles/test8/,2020-12-02T13:08:21.230111
36,test 14,https://www.example.co.uk/articles/test14/,2020-12-02T13:08:21.230115
36,test 3,https://www.example.co.uk/articles/test3/,2020-12-02T13:08:21.230119
36,test 27,https://www.example.co.uk/articles/test27/,2020-12-02T13:08:21.230123
36,test 19,https://www.example.co.uk/articles/test19/,2020-12-02T13:08:21.230127
37,test 6,https://www.example.co.uk/articles/test6/,2020-12-02T13:08:21.230135
37,test 35,https://www.example.co.uk/articles/test35/,2020-12-02T13:08:21.230139
37,test 1,https://www.example.co.uk/articles/test1/,2020-12-02T13:08:21.230143
37,test 2,https://www.example.co.uk/articles/test2/,2020-12-02T13:08:21.230147
37,test 30,https://www.example.co.uk/articles/test30/,2020-12-02T13:08:21.230151
37,test 22,https://www.example.co.uk/articles/test22/,2020-12-02T13:08:21.230155
37,test 16,https://www.example.co.uk/articles/test16/,2020-12-02T13:08:21.230159
37,test 34,https://www.example.co.uk/articles/test34/,2020-12-02T13:08:21.230163
37,test 16,https://www.example.co.uk/articles/test16/,2020-12-02T13:08:21.230166
37,test 17,https://www.example.co.uk/articles/test17/,2020-12-02T13:08:21.230170
37,test 33,https://www.example.co.uk/articles/test33/,2020-12-02T13:08:21.230174
37,test 21,https://www.example.co.uk/articles/test21/,2020-12-02T13:08:21.230178
37,test 23,https://www.example.co.uk/articles/test23/,2020-12-02T13:08:21.230182
37,test 39,https://www.example.co.uk/articles/test39/,2020-12-02T13:08:21.230186
37,test 4,https://www.example.co.uk/articles/test4/,2020-12-02T13:08:21.230190
37,test 15,https://www.example.co.uk/articles/test15/,2020-12-02T13:08:21.230193
37,test 5,https://www.example.co.uk/articles/test5/,2020-12-02T13:08:21.230197
38,test 5,https://www.example.co.uk/articles/test5/,2020-12-02T13:08:21.230206
38,/register,https://www.example.co.uk/register,2020-12-02T13:08:21.230206
39,test 23,https://www.example.co.uk/articles/test23/,2020-12-02T13:08:21.230216
39,test 1,https://www.example.co.uk/articles/test1/,2020-12-02T13:08:21.230220
39,test 9,https://www.example.co.uk/articles/test9/,2020-12-02T13:08:21.230224
39,test 22,https://www.example.co.uk/articles/test22/,2020-12-02T13:08:21.230228
39,test 22,https://www.example.co.uk/articles/test22/,2020-12-02T13:08:21.230232
39,test 9,https://www.example.co.uk/articles/test9/,2020-12-02T13:08:21.230236
40,test 36,https://www.example.co.uk/articles/test36/,2020-12-02T13:08:21.230244
40,test 27,https://www.example.co.uk/articles/test27/,2020-12-02T13:08:21.230248
40,test 4,https://www.example.co.uk/articles/test4/,2020-12-02T13:08:21.230251
40,test 35,https://www.example.co.uk/articles/test35/,2020-12-02T13:08:21.230255
40,test 27,https://www.example.co.uk/articles/test27/,2020-12-02T13:08:21.230259
40,test 9,https://www.example.co.uk/articles/test9/,2020-12-02T13:08:21.230263
40,/register,https://www.example.co.uk/register,2020-12-02T13:08:21.230263
41,test 20,https://www.example.co.uk/articles/test20/,2020-12-02T13:08:21.230273
41,test 30,https://www.example.co.uk/articles/test30/,2020-12-02T13:08:21.230277
41,test 6,https://www.example.co.uk/articles/test6/,2020-12-02T13:08:21.230281
41,test 37,https://www.example.co.uk/articles/test37/,2020-12-02T13:08:21.230285
41,test 5,https://www.example.co.uk/articles/test5/,2020-12-02T13:08:21.230289
41,test 21,https://www.example.co.uk/articles/test21/,2020-12-02T13:08:21.230292
41,test 34,https://www.example.co.uk/articles/test34/,2020-12-02T13:08:21.230296
41,test 13,https://www.example.co.uk/articles/test13/,2020-12-02T13:08:21.230300
41,test 22,https://www.example.co.uk/articles/test22/,2020-12-02T13:08:21.230305
41,test 11,https://www.example.co.uk/articles/test11/,2020-12-02T13:08:21.230308
41,test 26,https://www.example.co.uk/articles/test26/,2020-12-02T13:08:21.230312
41,test 38,https://www.example.co.uk/articles/test38/,2020-12-02T13:08:21.230316
42,test 16,https://www.example.co.uk/articles/test16/,2020-12-02T13:08:21.230324
42,test 8,https://www.example.co.uk/articles/test8/,2020-12-02T13:08:21.230328
42,test 29,https://www.example.co.uk/articles/test29/,2020-12-02T13:08:21.230332
42,test 7,https://www.example.co.uk/articles/test7/,2020-12-02T13:08:21.230335
42,test 23,https://www.example.co.uk/articles/test23/,2020-12-02T13:08:21.230339
42,test 35,https://www.example.co.uk/articles/test35/,2020-12-02T13:08:21.230343
43,test 6,https://www.example.co.uk/articles/test6/,2020-12-02T13:08:21.230351
43,test 9,https://www.example.co.uk/articles/test9/,2020-12-02T13:08:21.230355
43,test 20,https://www.example.co.uk/articles/test20/,2020-12-02T13:08:21.230359
43,test 39,https://www.example.co.uk/articles/test39/,2020-12-02T13:08:21.230363
43,test 1,https://www.example.co.uk/articles/test1/,2020-12-02T13:08:21.230367
43,test 4,https://www.example.co.uk/articles/test4/,2020-12-02T13:08:21.230371
43,test 31,https://www.example.co.uk/articles/test31/,2020-12-02T13:08:21.230375
43,test 38,https://www.example.co.uk/articles/test38/,2020-12-02T13:08:21.230378
43,test 27,https://www.example.co.uk/articles/test27/,2020-12-02T13:08:21.230382
43,test 13,https://www.example.co.uk/articles/test13/,2020-12-02T13:08:21.230386
43,test 11,https://www.example.co.uk/articles/test11/,2020-12-02T13:08:21.230390
43,test 34,https://www.example.co.uk/articles/test34/,2020-12-02T13:08:21.230394
43,/register,https://www.example.co.uk/register,2020-12-02T13:08:21.230394
45,test 33,https://www.example.co.uk/articles/test33/,2020-12-02T13:08:21.230408
45,test 28,https://www.example.co.uk/articles/test28/,2020-12-02T13:08:21.230412
45,test 10,https://www.example.co.uk/articles/test10/,2020-12-02T13:08:21.230416
46,test 35,https://www.example.co.uk/articles/test35/,2020-12-02T13:08:21.230424
46,test 9,https://www.example.co.uk/articles/test9/,2020-12-02T13:08:21.230428
46,test 11,https://www.example.co.uk/articles/test11/,2020-12-02T13:08:21.230432
46,test 24,https://www.example.co.uk/articles/test24/,2020-12-02T13:08:21.230436
47,test 7,https://www.example.co.uk/articles/test7/,2020-12-02T13:08:21.230444
47,test 20,https://www.example.co.uk/articles/test20/,2020-12-02T13:08:21.230448
47,test 3,https://www.example.co.uk/articles/test3/,2020-12-02T13:08:21.230452
47,test 32,https://www.example.co.uk/articles/test32/,2020-12-02T13:08:21.230456
47,test 40,https://www.example.co.uk/articles/test40/,2020-12-02T13:08:21.230460
48,test 17,https://www.example.co.uk/articles/test17/,2020-12-02T13:08:21.230467
48,test 37,https://www.example.co.uk/articles/test37/,2020-12-02T13:08:21.230471
48,test 31,https://www.example.co.uk/articles/test31/,2020-12-02T13:08:21.230475
48,test 40,https://www.example.co.uk/articles/test40/,2020-12-02T13:08:21.230479
48,test 20,https://www.example.co.uk/articles/test20/,2020-12-02T13:08:21.230483
48,test 23,https://www.example.co.uk/articles/test23/,2020-12-02T13:08:21.230487
48,test 40,https://www.example.co.uk/articles/test40/,2020-12-02T13:08:21.230491
48,test 33,https://www.example.co.uk/articles/test33/,2020-12-02T13:08:21.230495
48,test 26,https://www.example.co.uk/articles/test26/,2020-12-02T13:08:21.230498
48,test 32,https://www.example.co.uk/articles/test32/,2020-12-02T13:08:21.230502
48,test 1,https://www.example.co.uk/articles/test1/,2020-12-02T13:08:21.230506
48,test 25,https://www.example.co.uk/articles/test25/,2020-12-02T13:08:21.230510
48,test 4,https://www.example.co.uk/articles/test4/,2020-12-02T13:08:21.230514
48,test 16,https://www.example.co.uk/articles/test16/,2020-12-02T13:08:21.230518
48,test 3,https://www.example.co.uk/articles/test3/,2020-12-02T13:08:21.230521
49,test 19,https://www.example.co.uk/articles/test19/,2020-12-02T13:08:21.230529
49,test 11,https://www.example.co.uk/articles/test11/,2020-12-02T13:08:21.230533
49,test 30,https://www.example.co.uk/articles/test30/,2020-12-02T13:08:21.230547
49,test 9,https://www.example.co.uk/articles/test9/,2020-12-02T13:08:21.230551
49,test 23,https://www.example.co.uk/articles/test23/,2020-12-02T13:08:21.230555
49,test 32,https://www.example.co.uk/articles/test32/,2020-12-02T13:08:21.230559
49,test 7,https://www.example.co.uk/articles/test7/,2020-12-02T13:08:21.230563
49,test 2,https://www.example.co.uk/articles/test2/,2020-12-02T13:08:21.230567
49,test 17,https://www.example.co.uk/articles/test17/,2020-12-02T13:08:21.230571
49,test 31,https://www.example.co.uk/articles/test31/,2020-12-02T13:08:21.230574
49,test 8,https://www.example.co.uk/articles/test8/,2020-12-02T13:08:21.230578
49,test 3,https://www.example.co.uk/articles/test3/,2020-12-02T13:08:21.230582
50,test 31,https://www.example.co.uk/articles/test31/,2020-12-02T13:08:21.230591
50,test 34,https://www.example.co.uk/articles/test34/,2020-12-02T13:08:21.230595
50,test 31,https://www.example.co.uk/articles/test31/,2020-12-02T13:08:21.230599
50,test 11,https://www.example.co.uk/articles/test11/,2020-12-02T13:08:21.230603
50,test 38,https://www.example.co.uk/articles/test38/,2020-12-02T13:08:21.230607
50,test 13,https://www.example.co.uk/articles/test13/,2020-12-02T13:08:21.230611
50,test 29,https://www.example.co.uk/articles/test29/,2020-12-02T13:08:21.230615
50,test 36,https://www.example.co.uk/articles/test36/,2020-12-02T13:08:21.230619
50,test 19,https://www.example.co.uk/articles/test19/,2020-12-02T13:08:21.230623
50,test 19,https://www.example.co.uk/articles/test19/,2020-12-02T13:08:21.230626
50,test 2,https://www.example.co.uk/articles/test2/,2020-12-02T13:08:21.230630
50,test 18,https://www.example.co.uk/articles/test18/,2020-12-02T13:08:21.230634
50,test 19,https://www.example.co.uk/articles/test19/,2020-12-02T13:08:21.230638
50,test 6,https://www.example.co.uk/articles/test6/,2020-12-02T13:08:21.230642
50,test 15,https://www.example.co.uk/articles/test15/,2020-12-02T13:08:21.230646
50,test 2,https://www.example.co.uk/articles/test2/,2020-12-02T13:08:21.230650
50,test 3,https://www.example.co.uk/articles/test3/,2020-12-02T13:08:21.230653
50,test 23,https://www.example.co.uk/articles/test23/,2020-12-02T13:08:21.230657
50,/register,https://www.example.co.uk/register,2020-12-02T13:08:21.230657
51,test 27,https://www.example.co.uk/articles/test27/,2020-12-02T13:08:21.230668
51,test 29,https://www.example.co.uk/articles/test29/,2020-12-02T13:08:21.230672
51,/register,https://www.example.co.uk/register,2020-12-02T13:08:21.230672
52,test 19,https://www.example.co.uk/articles/test19/,2020-12-02T13:08:21.230683
52,test 7,https://www.example.co.uk/articles/test7/,2020-12-02T13:08:21.230687
52,test 16,https://www.example.co.uk/articles/test16/,2020-12-02T13:08:21.230690
52,test 16,https://www.example.co.uk/articles/test16/,2020-12-02T13:08:21.230694
52,test 8,https://www.example.co.uk/articles/test8/,2020-12-02T13:08:21.230698
52,test 29,https://www.example.co.uk/articles/test29/,2020-12-02T13:08:21.230702
52,test 35,https://www.example.co.uk/articles/test35/,2020-12-02T13:08:21.230706
52,test 36,https://www.example.co.uk/articles/test36/,2020-12-02T13:08:21.230710
52,test 28,https://www.example.co.uk/articles/test28/,2020-12-02T13:08:21.230714
52,test 36,https://www.example.co.uk/articles/test36/,2020-12-02T13:08:21.230717
52,test 3,https://www.example.co.uk/articles/test3/,2020-12-02T13:08:21.230721
52,/register,https://www.example.co.uk/register,2020-12-02T13:08:21.230721
53,test 2,https://www.example.co.uk/articles/test2/,2020-12-02T13:08:21.230732
53,test 8,https://www.example.co.uk/articles/test8/,2020-12-02T13:08:21.230736
53,test 11,https://www.example.co.uk/articles/test11/,2020-12-02T13:08:21.230740
53,test 33,https://www.example.co.uk/articles/test33/,2020-12-02T13:08:21.230743
53,/register,https://www.example.co.uk/register,2020-12-02T13:08:21.230743
54,test 1,https://www.example.co.uk/articles/test1/,2020-12-02T13:08:21.230754
54,/register,https://www.example.co.uk/register,2020-12-02T13:08:21.230754
55,test 29,https://www.example.co.uk/articles/test29/,2020-12-02T13:08:21.230765
55,test 10,https://www.example.co.uk/articles/test10/,2020-12-02T13:08:21.230769
55,test 2,https://www.example.co.uk/articles/test2/,2020-12-02T13:08:21.230772
55,test 26,https://www.example.co.uk/articles/test26/,2020-12-02T13:08:21.230776
55,test 3,https://www.example.co.uk/articles/test3/,2020-12-02T13:08:21.230780
55,test 20,https://www.example.co.uk/articles/test20/,2020-12-02T13:08:21.230784
55,test 27,https://www.example.co.uk/articles/test27/,2020-12-02T13:08:21.230788
55,test 11,https://www.example.co.uk/articles/test11/,2020-12-02T13:08:21.230791
55,test 20,https://www.example.co.uk/articles/test20/,2020-12-02T13:08:21.230795
55,test 6,https://www.example.co.uk/articles/test6/,2020-12-02T13:08:21.230799
55,test 14,https://www.example.co.uk/articles/test14/,2020-12-02T13:08:21.230803
55,test 37,https://www.example.co.uk/articles/test37/,2020-12-02T13:08:21.230807
55,test 39,https://www.example.co.uk/articles/test39/,2020-12-02T13:08:21.230811
55,test 24,https://www.example.co.uk/articles/test24/,2020-12-02T13:08:21.230815
55,/register,https://www.example.co.uk/register,2020-12-02T13:08:21.230815
56,/register,https://www.example.co.uk/register,2020-12-02T13:08:21.230815
57,test 38,https://www.example.co.uk/articles/test38/,2020-12-02T13:08:21.230832
57,test 21,https://www.example.co.uk/articles/test21/,2020-12-02T13:08:21.230836
57,test 18,https://www.example.co.uk/articles/test18/,2020-12-02T13:08:21.230840
57,test 16,https://www.example.co.uk/articles/test16/,2020-12-02T13:08:21.230844
57,test 4,https://www.example.co.uk/articles/test4/,2020-12-02T13:08:21.230848
57,test 35,https://www.example.co.uk/articles/test35/,2020-12-02T13:08:21.230852
57,test 33,https://www.example.co.uk/articles/test33/,2020-12-02T13:08:21.230856
57,test 40,https://www.example.co.uk/articles/test40/,2020-12-02T13:08:21.230859
57,test 20,https://www.example.co.uk/articles/test20/,2020-12-02T13:08:21.230863
57,test 12,https://www.example.co.uk/articles/test12/,2020-12-02T13:08:21.230867
57,test 1,https://www.example.co.uk/articles/test1/,2020-12-02T13:08:21.230871
57,test 9,https://www.example.co.uk/articles/test9/,2020-12-02T13:08:21.230875
57,test 6,https://www.example.co.uk/articles/test6/,2020-12-02T13:08:21.230879
57,test 28,https://www.example.co.uk/articles/test28/,2020-12-02T13:08:21.230883
57,test 5,https://www.example.co.uk/articles/test5/,2020-12-02T13:08:21.230887
57,test 12,https://www.example.co.uk/articles/test12/,2020-12-02T13:08:21.230890
57,test 32,https://www.example.co.uk/articles/test32/,2020-12-02T13:08:21.230894
57,test 35,https://www.example.co.uk/articles/test35/,2020-12-02T13:08:21.230898
59,test 10,https://www.example.co.uk/articles/test10/,2020-12-02T13:08:21.230910
59,test 16,https://www.example.co.uk/articles/test16/,2020-12-02T13:08:21.230914
59,test 23,https://www.example.co.uk/articles/test23/,2020-12-02T13:08:21.230918
59,test 5,https://www.example.co.uk/articles/test5/,2020-12-02T13:08:21.230921
59,test 2,https://www.example.co.uk/articles/test2/,2020-12-02T13:08:21.230925
59,test 9,https://www.example.co.uk/articles/test9/,2020-12-02T13:08:21.230929
59,test 35,https://www.example.co.uk/articles/test35/,2020-12-02T13:08:21.230933
59,test 23,https://www.example.co.uk/articles/test23/,2020-12-02T13:08:21.230937
59,test 32,https://www.example.co.uk/articles/test32/,2020-12-02T13:08:21.230941
59,test 2,https://www.example.co.uk/articles/test2/,2020-12-02T13:08:21.230945
59,test 25,https://www.example.co.uk/articles/test25/,2020-12-02T13:08:21.230949
59,test 31,https://www.example.co.uk/articles/test31/,2020-12-02T13:08:21.230953
59,test 11,https://www.example.co.uk/articles/test11/,2020-12-02T13:08:21.230956
59,test 20,https://www.example.co.uk/articles/test20/,2020-12-02T13:08:21.230960
59,test 33,https://www.example.co.uk/articles/test33/,2020-12-02T13:08:21.230964
59,test 3,https://www.example.co.uk/articles/test3/,2020-12-02T13:08:21.230968
59,test 16,https://www.example.co.uk/articles/test16/,2020-12-02T13:08:21.230972
59,/register,https://www.example.co.uk/register,2020-12-02T13:08:21.230972
60,test 2,https://www.example.co.uk/articles/test2/,2020-12-02T13:08:21.230993
60,test 7,https://www.example.co.uk/articles/test7/,2020-12-02T13:08:21.230998
60,test 13,https://www.example.co.uk/articles/test13/,2020-12-02T13:08:21.231002
60,test 16,https://www.example.co.uk/articles/test16/,2020-12-02T13:08:21.231005
60,test 33,https://www.example.co.uk/articles/test33/,2020-12-02T13:08:21.231009
60,/register,https://www.example.co.uk/register,2020-12-02T13:08:21.231009
61,test 18,https://www.example.co.uk/articles/test18/,2020-12-02T13:08:21.231020
61,test 34,https://www.example.co.uk/articles/test34/,2020-12-02T13:08:21.231024
61,test 40,https://www.example.co.uk/articles/test40/,2020-12-02T13:08:21.231028
61,test 11,https://www.example.co.uk/articles/test11/,2020-12-02T13:08:21.231031
61,test 1,https://www.example.co.uk/articles/test1/,2020-12-02T13:08:21.231035
61,test 40,https://www.example.co.uk/articles/test40/,2020-12-02T13:08:21.231039
61,test 17,https://www.example.co.uk/articles/test17/,2020-12-02T13:08:21.231043
61,test 14,https://www.example.co.uk/articles/test14/,2020-12-02T13:08:21.231047
61,test 4,https://www.example.co.uk/articles/test4/,2020-12-02T13:08:21.231051
62,test 23,https://www.example.co.uk/articles/test23/,2020-12-02T13:08:21.231059
62,test 40,https://www.example.co.uk/articles/test40/,2020-12-02T13:08:21.231063
62,test 36,https://www.example.co.uk/articles/test36/,2020-12-02T13:08:21.231067
63,test 24,https://www.example.co.uk/articles/test24/,2020-12-02T13:08:21.231075
63,test 37,https://www.example.co.uk/articles/test37/,2020-12-02T13:08:21.231079
63,test 10,https://www.example.co.uk/articles/test10/,2020-12-02T13:08:21.231083
63,test 38,https://www.example.co.uk/articles/test38/,2020-12-02T13:08:21.231087
63,/register,https://www.example.co.uk/register,2020-12-02T13:08:21.231087
64,test 24,https://www.example.co.uk/articles/test24/,2020-12-02T13:08:21.231097
64,test 38,https://www.example.co.uk/articles/test38/,2020-12-02T13:08:21.231101
64,test 22,https://www.example.co.uk/articles/test22/,2020-12-02T13:08:21.231105
64,test 21,https://www.example.co.uk/articles/test21/,2020-12-02T13:08:21.231109
64,test 3,https://www.example.co.uk/articles/test3/,2020-12-02T13:08:21.231113
64,test 2,https://www.example.co.uk/articles/test2/,2020-12-02T13:08:21.231117
64,test 13,https://www.example.co.uk/articles/test13/,2020-12-02T13:08:21.231121
64,test 6,https://www.example.co.uk/articles/test6/,2020-12-02T13:08:21.231125
64,test 9,https://www.example.co.uk/articles/test9/,2020-12-02T13:08:21.231129
64,test 24,https://www.example.co.uk/articles/test24/,2020-12-02T13:08:21.231132
64,test 39,https://www.example.co.uk/articles/test39/,2020-12-02T13:08:21.231136
64,test 14,https://www.example.co.uk/articles/test14/,2020-12-02T13:08:21.231140
64,test 15,https://www.example.co.uk/articles/test15/,2020-12-02T13:08:21.231144
64,test 16,https://www.example.co.uk/articles/test16/,2020-12-02T13:08:21.231148
65,test 15,https://www.example.co.uk/articles/test15/,2020-12-02T13:08:21.231156
65,test 27,https://www.example.co.uk/articles/test27/,2020-12-02T13:08:21.231160
66,test 21,https://www.example.co.uk/articles/test21/,2020-12-02T13:08:21.231181
66,test 25,https://www.example.co.uk/articles/test25/,2020-12-02T13:08:21.231185
66,test 25,https://www.example.co.uk/articles/test25/,2020-12-02T13:08:21.231189
66,test 22,https://www.example.co.uk/articles/test22/,2020-12-02T13:08:21.231193
66,test 17,https://www.example.co.uk/articles/test17/,2020-12-02T13:08:21.231197
66,test 31,https://www.example.co.uk/articles/test31/,2020-12-02T13:08:21.231200
67,test 30,https://www.example.co.uk/articles/test30/,2020-12-02T13:08:21.231210
67,test 17,https://www.example.co.uk/articles/test17/,2020-12-02T13:08:21.231213
67,test 39,https://www.example.co.uk/articles/test39/,2020-12-02T13:08:21.231217
67,test 31,https://www.example.co.uk/articles/test31/,2020-12-02T13:08:21.231221
67,test 12,https://www.example.co.uk/articles/test12/,2020-12-02T13:08:21.231225
67,test 24,https://www.example.co.uk/articles/test24/,2020-12-02T13:08:21.231229
67,test 39,https://www.example.co.uk/articles/test39/,2020-12-02T13:08:21.231233
67,test 13,https://www.example.co.uk/articles/test13/,2020-12-02T13:08:21.231237
67,test 15,https://www.example.co.uk/articles/test15/,2020-12-02T13:08:21.231240
67,test 14,https://www.example.co.uk/articles/test14/,2020-12-02T13:08:21.231244
67,test 7,https://www.example.co.uk/articles/test7/,2020-12-02T13:08:21.231248
67,test 35,https://www.example.co.uk/articles/test35/,2020-12-02T13:08:21.231252
67,test 8,https://www.example.co.uk/articles/test8/,2020-12-02T13:08:21.231256
68,test 19,https://www.example.co.uk/articles/test19/,2020-12-02T13:08:21.231264
68,test 40,https://www.example.co.uk/articles/test40/,2020-12-02T13:08:21.231268
68,test 37,https://www.example.co.uk/articles/test37/,2020-12-02T13:08:21.231272
68,test 29,https://www.example.co.uk/articles/test29/,2020-12-02T13:08:21.231276
68,test 19,https://www.example.co.uk/articles/test19/,2020-12-02T13:08:21.231280
68,test 13,https://www.example.co.uk/articles/test13/,2020-12-02T13:08:21.231284
68,test 21,https://www.example.co.uk/articles/test21/,2020-12-02T13:08:21.231288
68,test 9,https://www.example.co.uk/articles/test9/,2020-12-02T13:08:21.231292
68,test 38,https://www.example.co.uk/articles/test38/,2020-12-02T13:08:21.231295
68,test 32,https://www.example.co.uk/articles/test32/,2020-12-02T13:08:21.231299
68,test 36,https://www.example.co.uk/articles/test36/,2020-12-02T13:08:21.231303
68,test 23,https://www.example.co.uk/articles/test23/,2020-12-02T13:08:21.231307
68,test 5,https://www.example.co.uk/articles/test5/,2020-12-02T13:08:21.231311
68,test 5,https://www.example.co.uk/articles/test5/,2020-12-02T13:08:21.231315
68,test 10,https://www.example.co.uk/articles/test10/,2020-12-02T13:08:21.231319
68,test 10,https://www.example.co.uk/articles/test10/,2020-12-02T13:08:21.231323
68,test 35,https://www.example.co.uk/articles/test35/,2020-12-02T13:08:21.231326
68,test 7,https://www.example.co.uk/articles/test7/,2020-12-02T13:08:21.231331
68,test 37,https://www.example.co.uk/articles/test37/,2020-12-02T13:08:21.231335
69,test 35,https://www.example.co.uk/articles/test35/,2020-12-02T13:08:21.231343
69,test 26,https://www.example.co.uk/articles/test26/,2020-12-02T13:08:21.231347
69,test 19,https://www.example.co.uk/articles/test19/,2020-12-02T13:08:21.231351
69,test 1,https://www.example.co.uk/articles/test1/,2020-12-02T13:08:21.231355
69,test 31,https://www.example.co.uk/articles/test31/,2020-12-02T13:08:21.231358
69,test 13,https://www.example.co.uk/articles/test13/,2020-12-02T13:08:21.231362
69,test 40,https://www.example.co.uk/articles/test40/,2020-12-02T13:08:21.231366
69,test 15,https://www.example.co.uk/articles/test15/,2020-12-02T13:08:21.231370
69,test 25,https://www.example.co.uk/articles/test25/,2020-12-02T13:08:21.231374
69,test 13,https://www.example.co.uk/articles/test13/,2020-12-02T13:08:21.231377
69,test 2,https://www.example.co.uk/articles/test2/,2020-12-02T13:08:21.231381
69,test 22,https://www.example.co.uk/articles/test22/,2020-12-02T13:08:21.231385
69,test 31,https://www.example.co.uk/articles/test31/,2020-12-02T13:08:21.231389
69,test 10,https://www.example.co.uk/articles/test10/,2020-12-02T13:08:21.231393
69,test 27,https://www.example.co.uk/articles/test27/,2020-12-02T13:08:21.231397
69,test 18,https://www.example.co.uk/articles/test18/,2020-12-02T13:08:21.231400
69,test 35,https://www.example.co.uk/articles/test35/,2020-12-02T13:08:21.231404
70,test 37,https://www.example.co.uk/articles/test37/,2020-12-02T13:08:21.231413
71,test 36,https://www.example.co.uk/articles/test36/,2020-12-02T13:08:21.231420
71,test 40,https://www.example.co.uk/articles/test40/,2020-12-02T13:08:21.231425
71,test 3,https://www.example.co.uk/articles/test3/,2020-12-02T13:08:21.231428
71,test 9,https://www.example.co.uk/articles/test9/,2020-12-02T13:08:21.231432
71,test 10,https://www.example.co.uk/articles/test10/,2020-12-02T13:08:21.231436
71,test 15,https://www.example.co.uk/articles/test15/,2020-12-02T13:08:21.231453
71,test 14,https://www.example.co.uk/articles/test14/,2020-12-02T13:08:21.231458
71,test 36,https://www.example.co.uk/articles/test36/,2020-12-02T13:08:21.231462
71,test 3,https://www.example.co.uk/articles/test3/,2020-12-02T13:08:21.231466
71,test 10,https://www.example.co.uk/articles/test10/,2020-12-02T13:08:21.231470
71,test 19,https://www.example.co.uk/articles/test19/,2020-12-02T13:08:21.231473
71,test 29,https://www.example.co.uk/articles/test29/,2020-12-02T13:08:21.231477
71,test 25,https://www.example.co.uk/articles/test25/,2020-12-02T13:08:21.231481
71,test 10,https://www.example.co.uk/articles/test10/,2020-12-02T13:08:21.231485
71,test 12,https://www.example.co.uk/articles/test12/,2020-12-02T13:08:21.231489
72,test 25,https://www.example.co.uk/articles/test25/,2020-12-02T13:08:21.231498
72,test 24,https://www.example.co.uk/articles/test24/,2020-12-02T13:08:21.231502
72,test 17,https://www.example.co.uk/articles/test17/,2020-12-02T13:08:21.231506
72,test 30,https://www.example.co.uk/articles/test30/,2020-12-02T13:08:21.231510
72,test 23,https://www.example.co.uk/articles/test23/,2020-12-02T13:08:21.231514
72,test 31,https://www.example.co.uk/articles/test31/,2020-12-02T13:08:21.231517
72,test 22,https://www.example.co.uk/articles/test22/,2020-12-02T13:08:21.231521
72,test 20,https://www.example.co.uk/articles/test20/,2020-12-02T13:08:21.231525
72,test 22,https://www.example.co.uk/articles/test22/,2020-12-02T13:08:21.231529
72,test 37,https://www.example.co.uk/articles/test37/,2020-12-02T13:08:21.231533
72,test 22,https://www.example.co.uk/articles/test22/,2020-12-02T13:08:21.231537
72,test 5,https://www.example.co.uk/articles/test5/,2020-12-02T13:08:21.231540
72,test 37,https://www.example.co.uk/articles/test37/,2020-12-02T13:08:21.231544
72,test 23,https://www.example.co.uk/articles/test23/,2020-12-02T13:08:21.231548
72,test 3,https://www.example.co.uk/articles/test3/,2020-12-02T13:08:21.231552
73,test 37,https://www.example.co.uk/articles/test37/,2020-12-02T13:08:21.231560
73,test 6,https://www.example.co.uk/articles/test6/,2020-12-02T13:08:21.231564
73,test 18,https://www.example.co.uk/articles/test18/,2020-12-02T13:08:21.231568
73,test 30,https://www.example.co.uk/articles/test30/,2020-12-02T13:08:21.231572
73,test 13,https://www.example.co.uk/articles/test13/,2020-12-02T13:08:21.231576
73,test 38,https://www.example.co.uk/articles/test38/,2020-12-02T13:08:21.231579
73,test 6,https://www.example.co.uk/articles/test6/,2020-12-02T13:08:21.231583
73,test 19,https://www.example.co.uk/articles/test19/,2020-12-02T13:08:21.231587
73,test 16,https://www.example.co.uk/articles/test16/,2020-12-02T13:08:21.231591
73,test 9,https://www.example.co.uk/articles/test9/,2020-12-02T13:08:21.231595
73,test 10,https://www.example.co.uk/articles/test10/,2020-12-02T13:08:21.231599
73,test 28,https://www.example.co.uk/articles/test28/,2020-12-02T13:08:21.231603
73,/register,https://www.example.co.uk/register,2020-12-02T13:08:21.231603
74,test 24,https://www.example.co.uk/articles/test24/,2020-12-02T13:08:21.231613
74,test 27,https://www.example.co.uk/articles/test27/,2020-12-02T13:08:21.231617
74,test 33,https://www.example.co.uk/articles/test33/,2020-12-02T13:08:21.231621
74,test 40,https://www.example.co.uk/articles/test40/,2020-12-02T13:08:21.231625
74,test 26,https://www.example.co.uk/articles/test26/,2020-12-02T13:08:21.231629
74,test 37,https://www.example.co.uk/articles/test37/,2020-12-02T13:08:21.231633
74,test 7,https://www.example.co.uk/articles/test7/,2020-12-02T13:08:21.231637
74,test 34,https://www.example.co.uk/articles/test34/,2020-12-02T13:08:21.231641
74,test 10,https://www.example.co.uk/articles/test10/,2020-12-02T13:08:21.231645
74,test 38,https://www.example.co.uk/articles/test38/,2020-12-02T13:08:21.231649
74,test 16,https://www.example.co.uk/articles/test16/,2020-12-02T13:08:21.231653
74,test 23,https://www.example.co.uk/articles/test23/,2020-12-02T13:08:21.231656
74,test 3,https://www.example.co.uk/articles/test3/,2020-12-02T13:08:21.231660
74,test 24,https://www.example.co.uk/articles/test24/,2020-12-02T13:08:21.231664
75,test 16,https://www.example.co.uk/articles/test16/,2020-12-02T13:08:21.231672
75,test 39,https://www.example.co.uk/articles/test39/,2020-12-02T13:08:21.231676
75,test 15,https://www.example.co.uk/articles/test15/,2020-12-02T13:08:21.231680
75,test 31,https://www.example.co.uk/articles/test31/,2020-12-02T13:08:21.231684
75,/register,https://www.example.co.uk/register,2020-12-02T13:08:21.231684
76,test 29,https://www.example.co.uk/articles/test29/,2020-12-02T13:08:21.231695
76,test 40,https://www.example.co.uk/articles/test40/,2020-12-02T13:08:21.231699
76,test 8,https://www.example.co.uk/articles/test8/,2020-12-02T13:08:21.231702
76,test 1,https://www.example.co.uk/articles/test1/,2020-12-02T13:08:21.231706
76,test 22,https://www.example.co.uk/articles/test22/,2020-12-02T13:08:21.231710
76,test 37,https://www.example.co.uk/articles/test37/,2020-12-02T13:08:21.231714
76,test 11,https://www.example.co.uk/articles/test11/,2020-12-02T13:08:21.231718
76,test 26,https://www.example.co.uk/articles/test26/,2020-12-02T13:08:21.231722
76,test 33,https://www.example.co.uk/articles/test33/,2020-12-02T13:08:21.231726
76,/register,https://www.example.co.uk/register,2020-12-02T13:08:21.231726
77,test 28,https://www.example.co.uk/articles/test28/,2020-12-02T13:08:21.231736
77,test 5,https://www.example.co.uk/articles/test5/,2020-12-02T13:08:21.231740
77,test 10,https://www.example.co.uk/articles/test10/,2020-12-02T13:08:21.231744
77,test 12,https://www.example.co.uk/articles/test12/,2020-12-02T13:08:21.231748
77,test 10,https://www.example.co.uk/articles/test10/,2020-12-02T13:08:21.231752
77,test 25,https://www.example.co.uk/articles/test25/,2020-12-02T13:08:21.231755
77,test 31,https://www.example.co.uk/articles/test31/,2020-12-02T13:08:21.231759
77,test 40,https://www.example.co.uk/articles/test40/,2020-12-02T13:08:21.231763
77,test 36,https://www.example.co.uk/articles/test36/,2020-12-02T13:08:21.231767
78,/register,https://www.example.co.uk/register,2020-12-02T13:08:21.231767
79,test 17,https://www.example.co.uk/articles/test17/,2020-12-02T13:08:21.231783
79,test 16,https://www.example.co.uk/articles/test16/,2020-12-02T13:08:21.231787
79,test 17,https://www.example.co.uk/articles/test17/,2020-12-02T13:08:21.231791
79,test 37,https://www.example.co.uk/articles/test37/,2020-12-02T13:08:21.231794
79,test 24,https://www.example.co.uk/articles/test24/,2020-12-02T13:08:21.231798
79,test 6,https://www.example.co.uk/articles/test6/,2020-12-02T13:08:21.231802
79,test 20,https://www.example.co.uk/articles/test20/,2020-12-02T13:08:21.231806
79,test 38,https://www.example.co.uk/articles/test38/,2020-12-02T13:08:21.231810
79,test 31,https://www.example.co.uk/articles/test31/,2020-12-02T13:08:21.231814
79,test 1,https://www.example.co.uk/articles/test1/,2020-12-02T13:08:21.231818
79,test 15,https://www.example.co.uk/articles/test15/,2020-12-02T13:08:21.231822
79,/register,https://www.example.co.uk/register,2020-12-02T13:08:21.231822
80,test 40,https://www.example.co.uk/articles/test40/,2020-12-02T13:08:21.231832
80,test 23,https://www.example.co.uk/articles/test23/,2020-12-02T13:08:21.231836
80,test 14,https://www.example.co.uk/articles/test14/,2020-12-02T13:08:21.231840
80,test 32,https://www.example.co.uk/articles/test32/,2020-12-02T13:08:21.231844
80,test 22,https://www.example.co.uk/articles/test22/,2020-12-02T13:08:21.231848
80,test 9,https://www.example.co.uk/articles/test9/,2020-12-02T13:08:21.231852
80,test 11,https://www.example.co.uk/articles/test11/,2020-12-02T13:08:21.231856
80,test 34,https://www.example.co.uk/articles/test34/,2020-12-02T13:08:21.231860
80,test 10,https://www.example.co.uk/articles/test10/,2020-12-02T13:08:21.231864
80,test 6,https://www.example.co.uk/articles/test6/,2020-12-02T13:08:21.231867
80,test 24,https://www.example.co.uk/articles/test24/,2020-12-02T13:08:21.231871
80,test 4,https://www.example.co.uk/articles/test4/,2020-12-02T13:08:21.231875
80,test 8,https://www.example.co.uk/articles/test8/,2020-12-02T13:08:21.231888
80,test 37,https://www.example.co.uk/articles/test37/,2020-12-02T13:08:21.231893
80,/register,https://www.example.co.uk/register,2020-12-02T13:08:21.231893
81,test 12,https://www.example.co.uk/articles/test12/,2020-12-02T13:08:21.231904
81,test 16,https://www.example.co.uk/articles/test16/,2020-12-02T13:08:21.231908
81,test 23,https://www.example.co.uk/articles/test23/,2020-12-02T13:08:21.231912
81,test 3,https://www.example.co.uk/articles/test3/,2020-12-02T13:08:21.231916
81,test 4,https://www.example.co.uk/articles/test4/,2020-12-02T13:08:21.231920
81,test 11,https://www.example.co.uk/articles/test11/,2020-12-02T13:08:21.231924
81,test 14,https://www.example.co.uk/articles/test14/,2020-12-02T13:08:21.231927
81,test 14,https://www.example.co.uk/articles/test14/,2020-12-02T13:08:21.231931
81,test 10,https://www.example.co.uk/articles/test10/,2020-12-02T13:08:21.231935
81,test 12,https://www.example.co.uk/articles/test12/,2020-12-02T13:08:21.231939
81,test 2,https://www.example.co.uk/articles/test2/,2020-12-02T13:08:21.231943
81,test 24,https://www.example.co.uk/articles/test24/,2020-12-02T13:08:21.231947
81,test 33,https://www.example.co.uk/articles/test33/,2020-12-02T13:08:21.231951
81,test 13,https://www.example.co.uk/articles/test13/,2020-12-02T13:08:21.231954
81,test 9,https://www.example.co.uk/articles/test9/,2020-12-02T13:08:21.231958
81,test 33,https://www.example.co.uk/articles/test33/,2020-12-02T13:08:21.231962
81,test 16,https://www.example.co.uk/articles/test16/,2020-12-02T13:08:21.231966
81,test 3,https://www.example.co.uk/articles/test3/,2020-12-02T13:08:21.231970
82,test 26,https://www.example.co.uk/articles/test26/,2020-12-02T13:08:21.231978
82,test 30,https://www.example.co.uk/articles/test30/,2020-12-02T13:08:21.231982
82,test 35,https://www.example.co.uk/articles/test35/,2020-12-02T13:08:21.231986
82,test 29,https://www.example.co.uk/articles/test29/,2020-12-02T13:08:21.231990
82,/register,https://www.example.co.uk/register,2020-12-02T13:08:21.231990
83,test 27,https://www.example.co.uk/articles/test27/,2020-12-02T13:08:21.232000
83,test 16,https://www.example.co.uk/articles/test16/,2020-12-02T13:08:21.232004
83,test 6,https://www.example.co.uk/articles/test6/,2020-12-02T13:08:21.232008
83,test 39,https://www.example.co.uk/articles/test39/,2020-12-02T13:08:21.232012
83,test 3,https://www.example.co.uk/articles/test3/,2020-12-02T13:08:21.232016
83,test 12,https://www.example.co.uk/articles/test12/,2020-12-02T13:08:21.232020
83,test 31,https://www.example.co.uk/articles/test31/,2020-12-02T13:08:21.232024
83,test 8,https://www.example.co.uk/articles/test8/,2020-12-02T13:08:21.232028
83,test 33,https://www.example.co.uk/articles/test33/,2020-12-02T13:08:21.232032
83,test 34,https://www.example.co.uk/articles/test34/,2020-12-02T13:08:21.232035
84,test 31,https://www.example.co.uk/articles/test31/,2020-12-02T13:08:21.232044
84,test 35,https://www.example.co.uk/articles/test35/,2020-12-02T13:08:21.232048
84,test 19,https://www.example.co.uk/articles/test19/,2020-12-02T13:08:21.232052
84,test 2,https://www.example.co.uk/articles/test2/,2020-12-02T13:08:21.232056
84,test 30,https://www.example.co.uk/articles/test30/,2020-12-02T13:08:21.232060
84,test 26,https://www.example.co.uk/articles/test26/,2020-12-02T13:08:21.232063
84,test 38,https://www.example.co.uk/articles/test38/,2020-12-02T13:08:21.232067
84,test 12,https://www.example.co.uk/articles/test12/,2020-12-02T13:08:21.232071
84,test 40,https://www.example.co.uk/articles/test40/,2020-12-02T13:08:21.232075
84,test 23,https://www.example.co.uk/articles/test23/,2020-12-02T13:08:21.232079
84,test 8,https://www.example.co.uk/articles/test8/,2020-12-02T13:08:21.232083
84,test 15,https://www.example.co.uk/articles/test15/,2020-12-02T13:08:21.232087
84,test 28,https://www.example.co.uk/articles/test28/,2020-12-02T13:08:21.232091
84,test 31,https://www.example.co.uk/articles/test31/,2020-12-02T13:08:21.232095
84,/register,https://www.example.co.uk/register,2020-12-02T13:08:21.232095
85,test 27,https://www.example.co.uk/articles/test27/,2020-12-02T13:08:21.232105
85,test 20,https://www.example.co.uk/articles/test20/,2020-12-02T13:08:21.232109
85,test 23,https://www.example.co.uk/articles/test23/,2020-12-02T13:08:21.232113
85,test 37,https://www.example.co.uk/articles/test37/,2020-12-02T13:08:21.232117
85,/register,https://www.example.co.uk/register,2020-12-02T13:08:21.232117
86,test 8,https://www.example.co.uk/articles/test8/,2020-12-02T13:08:21.232127
86,test 28,https://www.example.co.uk/articles/test28/,2020-12-02T13:08:21.232132
86,test 40,https://www.example.co.uk/articles/test40/,2020-12-02T13:08:21.232135
86,/register,https://www.example.co.uk/register,2020-12-02T13:08:21.232135
87,test 18,https://www.example.co.uk/articles/test18/,2020-12-02T13:08:21.232146
87,test 40,https://www.example.co.uk/articles/test40/,2020-12-02T13:08:21.232150
87,test 15,https://www.example.co.uk/articles/test15/,2020-12-02T13:08:21.232154
87,test 7,https://www.example.co.uk/articles/test7/,2020-12-02T13:08:21.232158
87,test 21,https://www.example.co.uk/articles/test21/,2020-12-02T13:08:21.232162
87,test 28,https://www.example.co.uk/articles/test28/,2020-12-02T13:08:21.232166
87,test 5,https://www.example.co.uk/articles/test5/,2020-12-02T13:08:21.232170
87,test 33,https://www.example.co.uk/articles/test33/,2020-12-02T13:08:21.232173
87,test 33,https://www.example.co.uk/articles/test33/,2020-12-02T13:08:21.232177
87,test 3,https://www.example.co.uk/articles/test3/,2020-12-02T13:08:21.232181
87,/register,https://www.example.co.uk/register,2020-12-02T13:08:21.232181
88,test 29,https://www.example.co.uk/articles/test29/,2020-12-02T13:08:21.232192
88,test 5,https://www.example.co.uk/articles/test5/,2020-12-02T13:08:21.232196
88,test 1,https://www.example.co.uk/articles/test1/,2020-12-02T13:08:21.232199
88,test 19,https://www.example.co.uk/articles/test19/,2020-12-02T13:08:21.232203
88,test 9,https://www.example.co.uk/articles/test9/,2020-12-02T13:08:21.232207
88,test 3,https://www.example.co.uk/articles/test3/,2020-12-02T13:08:21.232211
88,test 13,https://www.example.co.uk/articles/test13/,2020-12-02T13:08:21.232215
88,test 3,https://www.example.co.uk/articles/test3/,2020-12-02T13:08:21.232219
88,test 38,https://www.example.co.uk/articles/test38/,2020-12-02T13:08:21.232223
88,test 37,https://www.example.co.uk/articles/test37/,2020-12-02T13:08:21.232227
88,test 31,https://www.example.co.uk/articles/test31/,2020-12-02T13:08:21.232231
88,/register,https://www.example.co.uk/register,2020-12-02T13:08:21.232231
89,test 9,https://www.example.co.uk/articles/test9/,2020-12-02T13:08:21.232241
89,test 35,https://www.example.co.uk/articles/test35/,2020-12-02T13:08:21.232245
89,/register,https://www.example.co.uk/register,2020-12-02T13:08:21.232245
90,test 34,https://www.example.co.uk/articles/test34/,2020-12-02T13:08:21.232256
90,test 14,https://www.example.co.uk/articles/test14/,2020-12-02T13:08:21.232260
90,test 13,https://www.example.co.uk/articles/test13/,2020-12-02T13:08:21.232264
90,test 31,https://www.example.co.uk/articles/test31/,2020-12-02T13:08:21.232267
90,test 20,https://www.example.co.uk/articles/test20/,2020-12-02T13:08:21.232271
90,test 4,https://www.example.co.uk/articles/test4/,2020-12-02T13:08:21.232275
90,/register,https://www.example.co.uk/register,2020-12-02T13:08:21.232275
91,test 28,https://www.example.co.uk/articles/test28/,2020-12-02T13:08:21.232286
91,test 17,https://www.example.co.uk/articles/test17/,2020-12-02T13:08:21.232290
91,test 2,https://www.example.co.uk/articles/test2/,2020-12-02T13:08:21.232293
91,test 31,https://www.example.co.uk/articles/test31/,2020-12-02T13:08:21.232297
91,test 33,https://www.example.co.uk/articles/test33/,2020-12-02T13:08:21.232301
91,test 18,https://www.example.co.uk/articles/test18/,2020-12-02T13:08:21.232305
91,test 10,https://www.example.co.uk/articles/test10/,2020-12-02T13:08:21.232309
91,test 40,https://www.example.co.uk/articles/test40/,2020-12-02T13:08:21.232313
91,test 31,https://www.example.co.uk/articles/test31/,2020-12-02T13:08:21.232317
91,test 7,https://www.example.co.uk/articles/test7/,2020-12-02T13:08:21.232330
91,test 19,https://www.example.co.uk/articles/test19/,2020-12-02T13:08:21.232334
91,test 14,https://www.example.co.uk/articles/test14/,2020-12-02T13:08:21.232338
91,test 5,https://www.example.co.uk/articles/test5/,2020-12-02T13:08:21.232342
91,test 21,https://www.example.co.uk/articles/test21/,2020-12-02T13:08:21.232346
91,test 5,https://www.example.co.uk/articles/test5/,2020-12-02T13:08:21.232350
91,test 5,https://www.example.co.uk/articles/test5/,2020-12-02T13:08:21.232354
91,/register,https://www.example.co.uk/register,2020-12-02T13:08:21.232354
92,test 21,https://www.example.co.uk/articles/test21/,2020-12-02T13:08:21.232365
92,test 13,https://www.example.co.uk/articles/test13/,2020-12-02T13:08:21.232369
92,test 20,https://www.example.co.uk/articles/test20/,2020-12-02T13:08:21.232373
92,test 17,https://www.example.co.uk/articles/test17/,2020-12-02T13:08:21.232377
92,test 34,https://www.example.co.uk/articles/test34/,2020-12-02T13:08:21.232381
92,test 40,https://www.example.co.uk/articles/test40/,2020-12-02T13:08:21.232384
92,/register,https://www.example.co.uk/register,2020-12-02T13:08:21.232384
93,test 2,https://www.example.co.uk/articles/test2/,2020-12-02T13:08:21.232395
93,test 38,https://www.example.co.uk/articles/test38/,2020-12-02T13:08:21.232399
93,test 15,https://www.example.co.uk/articles/test15/,2020-12-02T13:08:21.232403
93,test 25,https://www.example.co.uk/articles/test25/,2020-12-02T13:08:21.232407
93,test 17,https://www.example.co.uk/articles/test17/,2020-12-02T13:08:21.232411
93,test 36,https://www.example.co.uk/articles/test36/,2020-12-02T13:08:21.232414
93,test 22,https://www.example.co.uk/articles/test22/,2020-12-02T13:08:21.232418
93,/register,https://www.example.co.uk/register,2020-12-02T13:08:21.232418
94,/register,https://www.example.co.uk/register,2020-12-02T13:08:21.232418
95,test 14,https://www.example.co.uk/articles/test14/,2020-12-02T13:08:21.232435
95,test 36,https://www.example.co.uk/articles/test36/,2020-12-02T13:08:21.232439
95,test 23,https://www.example.co.uk/articles/test23/,2020-12-02T13:08:21.232443
95,test 14,https://www.example.co.uk/articles/test14/,2020-12-02T13:08:21.232447
95,test 37,https://www.example.co.uk/articles/test37/,2020-12-02T13:08:21.232451
95,test 4,https://www.example.co.uk/articles/test4/,2020-12-02T13:08:21.232455
95,test 12,https://www.example.co.uk/articles/test12/,2020-12-02T13:08:21.232459
95,test 1,https://www.example.co.uk/articles/test1/,2020-12-02T13:08:21.232463
95,test 26,https://www.example.co.uk/articles/test26/,2020-12-02T13:08:21.232467
95,test 30,https://www.example.co.uk/articles/test30/,2020-12-02T13:08:21.232471
95,test 5,https://www.example.co.uk/articles/test5/,2020-12-02T13:08:21.232475
95,test 6,https://www.example.co.uk/articles/test6/,2020-12-02T13:08:21.232478
95,test 11,https://www.example.co.uk/articles/test11/,2020-12-02T13:08:21.232482
95,test 24,https://www.example.co.uk/articles/test24/,2020-12-02T13:08:21.232486
96,test 39,https://www.example.co.uk/articles/test39/,2020-12-02T13:08:21.232495
96,test 1,https://www.example.co.uk/articles/test1/,2020-12-02T13:08:21.232499
96,test 40,https://www.example.co.uk/articles/test40/,2020-12-02T13:08:21.232503
96,test 5,https://www.example.co.uk/articles/test5/,2020-12-02T13:08:21.232507
96,test 20,https://www.example.co.uk/articles/test20/,2020-12-02T13:08:21.232510
96,test 28,https://www.example.co.uk/articles/test28/,2020-12-02T13:08:21.232514
96,test 20,https://www.example.co.uk/articles/test20/,2020-12-02T13:08:21.232518
96,test 26,https://www.example.co.uk/articles/test26/,2020-12-02T13:08:21.232522
96,test 32,https://www.example.co.uk/articles/test32/,2020-12-02T13:08:21.232526
96,test 13,https://www.example.co.uk/articles/test13/,2020-12-02T13:08:21.232530
96,test 39,https://www.example.co.uk/articles/test39/,2020-12-02T13:08:21.232533
96,test 37,https://www.example.co.uk/articles/test37/,2020-12-02T13:08:21.232537
96,test 36,https://www.example.co.uk/articles/test36/,2020-12-02T13:08:21.232541
96,test 34,https://www.example.co.uk/articles/test34/,2020-12-02T13:08:21.232545
97,test 1,https://www.example.co.uk/articles/test1/,2020-12-02T13:08:21.232554
97,test 25,https://www.example.co.uk/articles/test25/,2020-12-02T13:08:21.232558
97,test 28,https://www.example.co.uk/articles/test28/,2020-12-02T13:08:21.232561
97,test 24,https://www.example.co.uk/articles/test24/,2020-12-02T13:08:21.232565
97,test 18,https://www.example.co.uk/articles/test18/,2020-12-02T13:08:21.232569
97,test 14,https://www.example.co.uk/articles/test14/,2020-12-02T13:08:21.232573
97,test 6,https://www.example.co.uk/articles/test6/,2020-12-02T13:08:21.232577
97,test 20,https://www.example.co.uk/articles/test20/,2020-12-02T13:08:21.232581
97,test 26,https://www.example.co.uk/articles/test26/,2020-12-02T13:08:21.232585
97,test 13,https://www.example.co.uk/articles/test13/,2020-12-02T13:08:21.232589
97,test 9,https://www.example.co.uk/articles/test9/,2020-12-02T13:08:21.232593
97,test 13,https://www.example.co.uk/articles/test13/,2020-12-02T13:08:21.232597
97,test 38,https://www.example.co.uk/articles/test38/,2020-12-02T13:08:21.232601
97,test 40,https://www.example.co.uk/articles/test40/,2020-12-02T13:08:21.232605
97,test 11,https://www.example.co.uk/articles/test11/,2020-12-02T13:08:21.232609
97,test 4,https://www.example.co.uk/articles/test4/,2020-12-02T13:08:21.232613
97,test 15,https://www.example.co.uk/articles/test15/,2020-12-02T13:08:21.232617
97,test 15,https://www.example.co.uk/articles/test15/,2020-12-02T13:08:21.232621
97,/register,https://www.example.co.uk/register,2020-12-02T13:08:21.232621
98,test 13,https://www.example.co.uk/articles/test13/,2020-12-02T13:08:21.232632
98,test 37,https://www.example.co.uk/articles/test37/,2020-12-02T13:08:21.232636
98,test 9,https://www.example.co.uk/articles/test9/,2020-12-02T13:08:21.232640
98,test 33,https://www.example.co.uk/articles/test33/,2020-12-02T13:08:21.232644
98,test 2,https://www.example.co.uk/articles/test2/,2020-12-02T13:08:21.232648
98,test 8,https://www.example.co.uk/articles/test8/,2020-12-02T13:08:21.232652
98,test 1,https://www.example.co.uk/articles/test1/,2020-12-02T13:08:21.232656
98,test 31,https://www.example.co.uk/articles/test31/,2020-12-02T13:08:21.232660
98,test 24,https://www.example.co.uk/articles/test24/,2020-12-02T13:08:21.232664
98,/register,https://www.example.co.uk/register,2020-12-02T13:08:21.232664
99,test 17,https://www.example.co.uk/articles/test17/,2020-12-02T13:08:21.232675
99,test 34,https://www.example.co.uk/articles/test34/,2020-12-02T13:08:21.232679
99,test 33,https://www.example.co.uk/articles/test33/,2020-12-02T13:08:21.232683
99,test 6,https://www.example.co.uk/articles/test6/,2020-12-02T13:08:21.232687
99,test 40,https://www.example.co.uk/articles/test40/,2020-12-02T13:08:21.232691
99,test 16,https://www.example.co.uk/articles/test16/,2020-12-02T13:08:21.232695
99,test 36,https://www.example.co.uk/articles/test36/,2020-12-02T13:08:21.232699
99,test 2,https://www.example.co.uk/articles/test2/,2020-12-02T13:08:21.232702
99,test 8,https://www.example.co.uk/articles/test8/,2020-12-02T13:08:21.232706
99,test 8,https://www.example.co.uk/articles/test8/,2020-12-02T13:08:21.232710
99,test 25,https://www.example.co.uk/articles/test25/,2020-12-02T13:08:21.232714
99,test 28,https://www.example.co.uk/articles/test28/,2020-12-02T13:08:21.232718
99,test 19,https://www.example.co.uk/articles/test19/,2020-12-02T13:08:21.232722
99,test 31,https://www.example.co.uk/articles/test31/,2020-12-02T13:08:21.232726
99,test 34,https://www.example.co.uk/articles/test34/,2020-12-02T13:08:21.232730
99,test 23,https://www.example.co.uk/articles/test23/,2020-12-02T13:08:21.232734
99,/register,https://www.example.co.uk/register,2020-12-02T13:08:21.232734
100,test 25,https://www.example.co.uk/articles/test25/,2020-12-02T13:08:21.232744
100,test 16,https://www.example.co.uk/articles/test16/,2020-12-02T13:08:21.232749
100,test 20,https://www.example.co.uk/articles/test20/,2020-12-02T13:08:21.232753
100,test 35,https://www.example.co.uk/articles/test35/,2020-12-02T13:08:21.232766
100,/register,https://www.example.co.uk/register,2020-12-02T13:08:21.232766
